INSERT INTO Customer (customer_id, customer_name, customer_phone, customer_address)
VALUES 
(1, 'John Smith', '555-1234', '123 Main Street'),
(2, 'Jane Doe', '555-5678', '456 Elm Street'),
(3, 'Bob Johnson', '555-9012', '789 Oak Street'),
(4, 'Sara Lee', '555-3456', '234 Maple Avenue'),
(5, 'Mike Brown', '555-7890', '567 Pine Street'),
(6, 'Emily Davis', '555-2345', '890 Cedar Lane'),
(7, 'David Wilson', '555-6789', '123 Elmwood Drive'),
(8, 'Amy Garcia', '555-0123', '456 Birch Street'),
(9, 'Tom Jones', '555-4567', '789 Oakwood Avenue'),
(10, 'Lisa Taylor', '555-8901', '234 Pine Lane'),
(11, 'Chris Lee', '555-2345', '567 Maple Street'),
(12, 'Maria Hernandez', '555-6789', '890 Cedar Avenue'),
(13, 'Mark Johnson', '555-0123', '123 Elm Street'),
(14, 'Nancy Davis', '555-4567', '456 Oak Lane'),
(15, 'Tim Brown', '555-8901', '789 Pine Street'),
(16, 'Jessica Wilson', '555-2345', '234 Maple Drive'),
(17, 'Juan Garcia', '555-6789', '567 Cedar Street'),
(18, 'Karen Jones', '555-0123', '890 Birch Avenue'),
(19, 'Scott Taylor', '555-4567', '123 Oakwood Lane'),
(20, 'Laura Lee', '555-8901', '456 Pine Street'),
(21, 'Kevin Nguyen', '555-1234', '123 Main Street'),
(22, 'Grace Kim', '555-5678', '456 Elm Street'),
(23, 'Thomas Lee', '555-9012', '789 Oak Street'),
(24, 'Jennifer Wilson', '555-3456', '234 Maple Avenue'),
(25, 'Andrew Brown', '555-7890', '567 Pine Street'),
(26, 'Megan Davis', '555-2345', '890 Cedar Lane'),
(27, 'Ryan Smith', '555-6789', '123 Elmwood Drive'),
(28, 'Olivia Garcia', '555-0123', '456 Birch Street'),
(29, 'Benjamin Jones', '555-4567', '789 Oakwood Avenue'),
(30, 'Alice Taylor', '555-8901', '234 Pine Lane');

INSERT INTO Ingredient_provider (provider_id, provider_name, provider_phone, provider_address)
VALUES 
(1,'Fresh Ingredients Co.', '555-1234', '123 Main Street'),
(2,'Organic Foods Inc.', '555-5678', '456 Elm Street'),
(3,'Quality Meats Co.', '555-9012', '789 Oak Street'),
(4,'Gourmet Spices LLC', '555-3456', '234 Maple Avenue'),
(5,'Artisanal Dairy Co.', '555-7890', '567 Pine Street');

INSERT INTO Manager (manager_id, manager_name, manager_phone, manager_address)
VALUES (1, 'Bob Smith', '555-4444', '123 Main Street'),
       (2, 'Sarah Johnson', '555-5555', '456 Elm Street'),
       (3, 'Tom Williams', '555-6666', '789 Oak Street');

INSERT INTO Store (store_id, store_name, store_phone, store_address, manager_id)
VALUES (1, 'Dumpling House', '555-7777', '111 Main Street', 1),
       (2, 'Dumpling Delight', '555-8888', '222 Elm Street', 2),
       (3, 'Dumpling Kingdom', '555-9999', '333 Oak Street', 3);

INSERT INTO Employees (employee_id, employee_name, employee_phone, employee_address, start_date, end_date, store_id)
VALUES 
(1, 'John Smith', '555-1234', '123 Main Street', '2021-01-01', '2022-01-01', 1),
(2, 'Jane Doe', '555-5678', '456 Elm Street', '2021-01-01', '2022-01-01', 2),
(3, 'Bob Johnson', '555-9012', '789 Oak Street', '2021-01-01', '2022-01-01', 3),
(4, 'Sara Lee', '555-3456', '234 Maple Avenue', '2021-01-01', '2022-01-01', 1),
(5, 'Mike Brown', '555-7890', '567 Pine Street', '2021-01-01', '2022-01-01', 2),
(6, 'Emily Davis', '555-2345', '890 Cedar Lane', '2021-01-01', '2022-01-01', 3),
(7, 'David Wilson', '555-6789', '123 Elmwood Drive', '2021-01-01', '2022-01-01', 1),
(8, 'Karen White', '555-1234', '456 Oak Street', '2021-01-01', '2022-01-01', 2),
(9, 'Timothy Jones', '555-5678', '789 Maple Avenue', '2021-01-01', '2022-01-01', 3),
(10, 'Maggie Green', '555-9012', '123 Pine Street', '2021-01-01', '2022-01-01', 1),
(11, 'Peter Brown', '555-3456', '456 Cedar Lane', '2021-01-01', '2022-01-01', 2),
(12, 'Linda Lee', '555-7890', '789 Elmwood Drive', '2021-01-01', '2022-01-01', 3),
(13, 'Tom Wilson', '555-2345', '123 Main Street', '2021-01-01', '2022-01-01', 1),
(14, 'Grace White', '555-6789', '456 Elm Street', '2021-01-01', '2022-01-01', 2),
(15, 'Robert Jones', '555-1234', '789 Oak Street', '2021-01-01', '2022-01-01', 3),
(16, 'Lucy Green', '555-5678', '234 Maple Avenue', '2021-01-01', '2022-01-01', 1),
(17, 'Max Brown', '555-9012', '567 Pine Street', '2021-01-01', '2022-01-01', 2),
(18, 'Sophie Davis', '555-3456', '890 Cedar Lane', '2021-01-01', '2022-01-01', 3),
(19, 'Mark Wilson', '555-7890', '123 Elmwood Drive', '2021-01-01', '2022-01-01', 1),
(20, 'Anna White', '555-2345', '456 Oak Street', '2021-01-01', '2022-01-01', 2);

INSERT INTO Shift_of_employees (shift_id, shift_start_time, employee_id, shift_end_time, shift_extra_hours, shift_date)
VALUES 
(1, '08:00:00', 1, '12:00:00', 4, '2021-9-8'),
(2, '12:00:00', 1, '16:00:00', 0, '2021-9-9'),
(3, '16:00:00', 1, '20:00:00', 2, '2021-9-10'),
(4, '08:00:00', 2, '12:00:00', 0, '2021-9-8'),
(5, '12:00:00', 2, '16:00:00', 1, '2021-9-9'),
(6, '16:00:00', 2, '20:00:00', 2, '2021-9-10'),
(7, '08:00:00', 3, '12:00:00', 0, '2021-9-11'),
(8, '12:00:00', 3, '16:00:00', 0, '2021-9-12'),
(9, '16:00:00', 3, '20:00:00', 2, '2021-9-10'),
(10, '08:00:00', 4, '12:00:00', 3, '2021-9-8'),
(11, '12:00:00', 4, '16:00:00', 0, '2021-9-9'),
(12, '16:00:00', 4, '20:00:00', 2, '2021-9-10'),
(13, '08:00:00', 5, '12:00:00', 0, '2021-9-8'),
(14, '12:00:00', 5, '16:00:00', 0, '2021-9-9'),
(15, '16:00:00', 5, '20:00:00', 2, '2021-9-10'),
(16, '08:00:00', 6, '12:00:00', 0, '2021-9-8'),
(17, '12:00:00', 6, '16:00:00', 4, '2021-9-9'),
(18, '16:00:00', 6, '20:00:00', 2, '2021-9-10'),
(19, '08:00:00', 7, '12:00:00', 0, '2021-9-11'),
(20, '12:00:00', 7, '16:00:00', 1, '2021-9-12');

INSERT INTO Dumpling (dumpling_id, dumpling_name, dumpling_price, dumpling_description)
VALUES 
(1, 'Pork Dumplings', 8.99, 'Steamed pork dumplings with a savory filling and thin wrapper'),
(2, 'Chicken Dumplings', 9.99, 'Pan-fried chicken dumplings with a juicy filling and crispy wrapper'),
(3, 'Beef Dumplings', 10.99, 'Boiled beef dumplings with a hearty filling and thick wrapper'),
(4, 'Vegetable Dumplings', 7.99, 'Steamed vegetable dumplings with a healthy filling and light wrapper'),
(5, 'Shrimp Dumplings', 12.99, 'Pan-fried shrimp dumplings with a succulent filling and delicate wrapper'),
(6, 'Mushroom Dumplings', 8.99, 'Boiled mushroom dumplings with a earthy filling and chewy wrapper'),
(7, 'Lamb Dumplings', 11.99, 'Steamed lamb dumplings with a rich filling and spicy sauce'),
(8, 'Spinach Dumplings', 7.99, 'Pan-fried spinach dumplings with a nutritious filling and crispy wrapper'),
(9, 'Seafood Dumplings', 13.99, 'Boiled seafood dumplings with a seafood filling and light wrapper'),
(10, 'Pumpkin Dumplings', 8.99, 'Steamed pumpkin dumplings with a sweet filling and soft wrapper'),
(11, 'Tofu Dumplings', 7.99, 'Pan-fried tofu dumplings with a vegetarian filling and crispy wrapper'),
(12, 'Pork and Shrimp Dumplings', 11.99, 'Boiled pork and shrimp dumplings with a delicious filling and thin wrapper'),
(13, 'Beef and Cabbage Dumplings', 10.99, 'Pan-fried beef and cabbage dumplings with a savory filling and crispy wrapper'),
(14, 'Chicken and Mushroom Dumplings', 9.99, 'Steamed chicken and mushroom dumplings with a juicy filling and chewy wrapper'),
(15, 'Vegetable and Tofu Dumplings', 8.99, 'Boiled vegetable and tofu dumplings with a healthy filling and light wrapper');

INSERT INTO ingredients (ingredient_id, ingredient_name, provider_id, ingredient_cost)
VALUES (1, 'Flour', 1, 0.50),
    (2, 'Water', 1, 0.10),
    (3, 'Ground Pork', 2, 1.50),
    (4, 'Green Onion', 3, 0.25),
    (5, 'Ginger', 4, 0.50),
    (6, 'Garlic', 4, 0.50),
    (7, 'Soy Sauce', 5, 0.75),
    (8, 'Sesame Oil', 5, 1.00),
    (9, 'Salt', 1, 0.05),
    (10, 'Sugar', 1, 0.10),
	(11, 'Shiitake Mushrooms', 2, 2.50),
    (12, 'Napa Cabbage', 3, 0.75),
    (13, 'Soybean Paste', 4, 1.25),
    (14, 'Szechuan Peppercorns', 5, 1.50),
    (15, 'Egg', 1, 0.25),
    (16, 'Sesame Seeds', 5, 0.50),
    (17, 'Rice Wine', 4, 1.00),
    (18, 'Corn Starch', 1, 0.25),
    (19, 'Bamboo Shoots', 2, 1.00),
    (20, 'Chili Oil', 5, 1.25),
	(21, 'Pork', 1, 2.99),
    (22, 'Chives', 2, 1.99),
    (23, 'Dumpling wrappers', 3, 0.99),
    (24, 'Vegetables', 2, 1.49),
    (25, 'Beef', 1, 3.99);

INSERT INTO Recipe (recipe_id, dumpling_id, ingredient_id)
VALUES (1, 1, 1),
		(2,1, 2),
		(3, 1, 3),
		(4, 1, 8),
		(5, 1, 9),
		(6, 1, 10),
		(7, 2, 2),
		(8, 2, 3),
		(9, 2, 4),
		(10, 2, 9),
		(11, 2, 10),
		(12, 2, 11),
		(13, 3, 1),
		(14, 3, 3),
		(15, 3, 5),
		(16, 3, 16),
		(17, 3, 17),
		(18, 3, 18),
		(19, 3, 19),
		(20, 4, 20),
		(21, 4, 21),
		(22, 4, 22),
		(23, 4, 23),
		(24, 5, 24),
		(25, 5, 25),
		(26, 5, 1),
		(27, 5, 2),
		(28, 5, 3),
		(29, 5, 4),
		(30, 6, 5),
		(31, 6, 6),
		(32, 7, 7),
		(33, 7, 8),
		(34, 7, 9),
		(35, 7, 10),
		(36, 7, 11),
		(37, 8, 12),
		(38, 8, 13),
		(39, 9, 14),
		(40, 9, 15),
		(41, 9, 16),
		(42, 9, 17),
		(43, 9, 18),
		(44, 10, 19),
		(45, 10, 20),
		(46, 10, 21),
		(47, 10, 22),
		(48, 10, 23),
		(49, 10, 24),
		(50, 11, 25),
		(51, 11, 1),
		(52, 11, 2),
		(53, 11, 3),
		(54, 11, 4),
		(55, 12, 5),
		(56, 12, 6),
		(57, 12, 7),
		(58, 13, 8),
		(59, 13, 9),
		(60, 13, 10),
		(61, 13, 11),
		(62, 14, 12),
		(63, 14, 13),
		(64, 14, 14),
		(65, 15, 15),
		(66, 15, 16);

INSERT INTO Review (review_id, customer_id, review_description, rating, review_date, dumpling_id)
VALUES (1, 1, 'These dumplings were amazing! Highly recommend!', 5, '2022-02-01', 1),
       (2, 2, 'The vegetable dumplings were delicious and healthy!', 4, '2022-03-15', 2),
       (3, 3, 'The beef and cabbage dumplings were a bit too salty for my taste.', 3, '2022-04-20', 3);

INSERT INTO invoice_provider (invoice_provider_id, provider_id, store_id, ingredient_id, quantity, price, invoice_date)
VALUES 
    (1, 1, 1, 1, 100, 299.00, '2023-01-01'),
    (2, 2, 2, 2, 50, 99.50, '2023-01-02'),
    (3, 3, 3, 3, 200, 198.00, '2023-01-03'),
    (4, 4, 1, 4, 150, 149.00, '2023-01-04'),
    (5, 5, 2, 5, 75, 249.50, '2023-01-05'),
    (6, 1, 3, 2, 125, 99.00, '2023-01-06'),
    (7, 2, 1, 3, 100, 198.00, '2023-01-07'),
    (8, 3, 2, 4, 50, 149.00, '2023-01-08'),
    (9, 4, 3, 5, 200, 249.50, '2023-01-09'),
    (10, 5, 1, 1, 75, 299.00, '2023-01-10'),
	(11, 1, 2, 3, 100, 198.00, '2023-01-11'),
    (12, 2, 3, 4, 50, 149.00, '2023-01-12'),
    (13, 3, 1, 5, 200, 249.50, '2023-01-13'),
    (14, 4, 2, 1, 150, 299.00, '2023-01-14'),
    (15, 5, 3, 2, 75, 99.00, '2023-01-15'),
    (16, 1, 1, 3, 125, 198.00, '2023-01-16'),
    (17, 2, 2, 4, 100, 149.00, '2023-01-17'),
    (18, 3, 3, 5, 50, 249.50, '2023-01-18'),
    (19, 4, 1, 1, 200, 299.00, '2023-01-19'),
    (20, 5, 2, 2, 75, 99.00, '2023-01-20');

INSERT INTO Invoice_customer (invoice_customer_id, order_id, money, customer_id, store_id, invoice_date)
VALUES	(1, 1, 20.00, 1, 1, '2023-07-12'),
		(2, 2, 40.00, 2, 2, '2023-07-11'),
		(3, 3, 30.00, 3, 1, '2023-07-10'),
		(4, 4, 10.00, 4, 3, '2023-07-09'),
		(5, 5, 20.00, 5, 2, '2023-07-08'),
		(6, 6, 40.00, 6, 1, '2023-07-07'),
		(7, 7, 30.00, 7, 3, '2023-07-06'),
		(8, 8, 10.00, 8, 2, '2023-07-05'),
		(9, 9, 20.00, 9, 1, '2023-07-04'),
		(10, 10, 40.00, 10, 3, '2023-07-03'),
		(11, 11, 30.00, 11, 2, '2023-07-02'),
		(12, 12, 20.00, 12, 1, '2023-07-01'),
		(13, 13, 40.00, 13, 3, '2023-06-30'),
		(14, 14, 10.00, 14, 2, '2023-06-29'),
		(15, 15, 30.00, 15, 1, '2023-06-28'),
		(16, 16, 20.00, 16, 3, '2023-06-27'),
		(17, 17, 40.00, 17, 2, '2023-06-26'),
		(18, 18, 10.00, 18, 1, '2023-06-25'),
		(19, 19, 30.00, 19, 3, '2023-06-24'),
		(20, 20, 20.00, 20, 2, '2023-06-23'),
		(21, 21, 40.00, 21, 1, '2023-06-22'),
		(22, 22, 30.00, 22, 3, '2023-06-21'),
		(23, 23, 10.00, 23, 2, '2023-06-20'),
		(24, 24, 20.00, 24, 1, '2023-06-19'),
		(25, 25, 40.00, 25, 3, '2023-06-18'),
		(26, 26, 30.00, 26, 2, '2023-06-17'),
		(27, 27, 20.00, 27, 1, '2023-06-16'),
		(28, 28, 40.00, 28, 3, '2023-06-15'),
		(29, 29, 10.00, 29, 2, '2023-06-14'),
		(30, 30, 30.00, 30, 1, '2023-06-13'),
		(31, 31, 15.98, 1, 1, '2022-05-01'),
		(32, 32, 13.98, 2, 2, '2022-05-02'),
		(33, 33, 17.98, 3, 3, '2022-05-03');

INSERT INTO dumpling_inventory(dumpling_inventory_id, store_id, dumpling_id, amount)
VALUES 
	(1, 1, 1, 50),
    (2, 1, 2, 20),
    (3, 1, 3, 15),
    (4, 1, 4, 30),
    (5, 1, 5, 25),
    (6, 1, 6, 40),
    (7, 1, 7, 10),
    (8, 1, 8, 35),
    (9, 1, 9, 22),
    (10, 1, 10, 18),
    (11, 1, 11, 28),
    (12, 1, 12, 32),
    (13, 1, 13, 45),
    (14, 1, 14, 12),
    (15, 1, 15, 17),
    (16, 2, 1, 30),
    (17, 2, 2, 10),
    (18, 2, 3, 25),
    (19, 2, 4, 20),
    (20, 2, 5, 35),
    (21, 2, 6, 15),
    (22, 2, 7, 28),
    (23, 2, 8, 22),
    (24, 2, 9, 14),
    (25, 2, 10, 30),
    (26, 2, 11, 18),
    (27, 2, 12, 22),
    (28, 2, 13, 40),
    (29, 2, 14, 20),
    (30, 2, 15, 25),
    (31, 3, 1, 45),
    (32, 3, 2, 15),
    (33, 3, 3, 20),
    (34, 3, 4, 25),
    (35, 3, 5, 30),
    (36, 3, 6, 10),
    (37, 3, 7, 38),
    (38, 3, 8, 20),
    (39, 3, 9, 18),
    (40, 3, 10, 22),
    (41, 3, 11, 20),
    (42, 3, 12, 28),
    (43, 3, 13, 30),
    (44, 3, 14, 16),
    (45, 3, 15, 20);

INSERT INTO ingredient_inventory(ingredient_inventory_id, store_id, ingredient_id, amount)
VALUES 
    (1, 1, 1, 20),
    (2, 1, 2, 30),
    (3, 1, 3, 15),
    (4, 1, 4, 25),
    (5, 1, 5, 40),
    (6, 1, 6, 10),
    (7, 1, 7, 35),
    (8, 1, 8, 18),
    (9, 1, 9, 22),
    (10, 1, 10, 30),
    (11, 1, 11, 28),
    (12, 1, 12, 32),
    (13, 1, 13, 45),
    (14, 1, 14, 12),
    (15, 1, 15, 17),
    (16, 1, 16, 10),
    (17, 1, 17, 5),
    (18, 1, 18, 8),
    (19, 1, 19, 15),
    (20, 1, 20, 20),
    (21, 1, 21, 12),
    (22, 1, 22, 30),
    (23, 1, 23, 25),
    (24, 1, 24, 18),
    (25, 1, 25, 22), 
    (26, 2, 1, 25),
    (27, 2, 2, 20),
    (28, 2, 3, 30),
    (29, 2, 4, 18),
    (30, 2, 5, 28),
    (31, 2, 6, 20),
    (32, 2, 7, 22),
    (33, 2, 8, 35),
    (34, 2, 9, 12),
    (35, 2, 10, 24),
    (36, 2, 11, 16),
    (37, 2, 12, 20),
    (38, 2, 13, 28),
    (39, 2, 14, 35),
    (40, 2, 15, 10),
    (41, 2, 16, 22),
    (42, 2, 17, 15),
    (43, 2, 18, 18),
    (44, 2, 19, 20),
    (45, 2, 20, 32),
    (46, 2, 21, 25),
    (47, 2, 22, 30),
    (48, 2, 23, 28),
    (49, 2, 24, 10),
    (50, 2, 25, 15), 
    (51, 3, 1, 30),
    (52, 3, 2, 25),
    (53, 3, 3, 18),
    (54, 3, 4, 35),
    (55, 3, 5, 40),
    (56, 3, 6, 30),
    (57, 3, 7, 20),
    (58, 3, 8, 22),
    (59, 3, 9, 15),
    (60, 3, 10, 28),
    (61, 3, 11, 20),
    (62, 3, 12, 25),
    (63, 3, 13, 32),
    (64, 3, 14, 18),
    (65, 3, 15, 22),
    (66, 3, 16, 28),
    (67, 3, 17, 10),
    (68, 3, 18, 16),
    (69, 3, 19, 20),
    (70, 3, 20, 25),
    (71, 3, 21, 30),
    (72, 3, 22, 12),
    (73, 3, 23, 18),
    (74, 3, 24, 20),
    (75, 3, 25, 35);

INSERT INTO Task (task_id, task_name, task_description, employee_id, hour_salary)
VALUES (1, 'Clean the kitchen', 'Clean the kitchen and wash dishes', 1, 20),
       (2, 'Prepare the dumpling filling', 'Prepare the dumpling filling for tomorrow', 2, 30),
       (3, 'Train new employee', 'Train the new employee on how to make dumplings', 3, 40);

INSERT INTO Discount (discount_id, customer_id, invoice_customer_id, discount_type_id)
VALUES (1, 1, 1, 1),
       (2, 2, 2, 2),
       (3, 3, 3, 3);

INSERT INTO Order_service (order_id, customer_id, order_quantity, dumpling_id, store_id, order_date)
VALUES	(1, 1, 2, 1, 1, '2023-07-12'),
		(2, 2, 4, 2, 2, '2023-07-11'),
		(3, 3, 3, 3, 1, '2023-07-10'),
		(4, 4, 1, 4, 3, '2023-07-09'),
		(5, 5, 2, 5, 2, '2023-07-08'),
		(6, 6, 4, 6, 1, '2023-07-07'),
		(7, 7, 3, 7, 3, '2023-07-06'),
		(8, 8, 1, 8, 2, '2023-07-05'),
		(9, 9, 2, 9, 1, '2023-07-04'),
		(10, 10, 4, 10, 3, '2023-07-03'),
		(11, 11, 3, 11, 2, '2023-07-02'),
		(12, 12, 2, 12, 1, '2023-07-01'),
		(13, 13, 4, 13, 3, '2023-06-30'),
		(14, 14, 1, 14, 2, '2023-06-29'),
		(15, 15, 3, 15, 1, '2023-06-28'),
		(16, 16, 2, 1, 3, '2023-06-27'),
		(17, 17, 4, 2, 2, '2023-06-26'),
		(18, 18, 1, 3, 1, '2023-06-25'),
		(19, 19, 3, 4, 3, '2023-06-24'),
		(20, 20, 2, 5, 2, '2023-06-23'),
		(21, 21, 4, 6, 1, '2023-06-22'),
		(22, 22, 3, 7, 3, '2023-06-21'),
		(23, 23, 1, 8, 2, '2023-06-20'),
		(24, 24, 2, 9, 1, '2023-06-19'),
		(25, 25, 4, 10, 3, '2023-06-18'),
		(26, 26, 3, 11, 2, '2023-06-17'),
		(27, 27, 2, 12, 1, '2023-06-16'),
		(28, 28, 4, 13, 3, '2023-06-15'),
		(29, 29, 1, 14, 2, '2023-06-14'),
		(30, 30, 3, 15, 1, '2023-06-13'),
		(31, 1, 2, 1, 1, '2022-05-01'),
		(32, 2, 1, 2, 2, '2022-05-02'),
		(33, 3, 3, 3, 3, '2022-05-03');

insert into Discount_type(discount_type_id, discount_percent, discount_end_date)
values(1, 70, '2022-06-01'),
(2, 50, '2022-06-02'),
(3, 20, '2022-06-06')

